year,part,file,source_url,pages,bytes,sha256
2026,I,2026-usnco-national-exam-part-i.pdf,https://www.acs.org/content/dam/acsorg/education/students/highschool/olympiad/pastexams/2026-usnco-national-exam-part-i.pdf,10,870932,6421e9ade649ea972faffeeee357df463999a3357c462846c62990e37e53a05a
2026,II,2026-usnco-national-exam-part-ii.pdf,https://www.acs.org/content/dam/acsorg/education/students/highschool/olympiad/pastexams/2026-usnco-national-exam-part-ii.pdf,27,789413,5c890127273ea87d746eb66e187f0fe40b9930b539a6d3867fa9f351ff5418ed
2026,III,2026-usnco-national-exam-part-iii.pdf,https://www.acs.org/content/dam/acsorg/education/students/highschool/olympiad/pastexams/2026-usnco-national-exam-part-iii.pdf,23,2130260,8f4e52e00adb4e0a53a3b155ec9ad4e511fda0eebdb3aa4a7dc9e09ce3ec741d
2025,I,2025-usnco-national-exam-part-i.pdf,https://www.acs.org/content/dam/acsorg/education/students/highschool/olympiad/pastexams/2025-usnco-national-exam-part-i.pdf,10,706499,4386701bb63cfccb97e4e4116508dfba528364ba5e7c391acfa5f6f9e3c47875
2025,II,2025-usnco-national-exam-part-ii.pdf,https://www.acs.org/content/dam/acsorg/education/students/highschool/olympiad/pastexams/2025-usnco-national-exam-part-ii.pdf,29,722574,c07717bc9f00d278f2eb23d40cddbc03c09eefa586e8acd3bfad944cc7175601
2025,III,2025-usnco-national-exam-part-iii.pdf,https://www.acs.org/content/dam/acsorg/education/students/highschool/olympiad/pastexams/2025-usnco-national-exam-part-iii.pdf,32,1742328,5f71201bdb7cf3bb33149daa5d67b06b3a3513e5ad1b71e1cbc0b7d891a48780
2024,I,2024-usnco-national-exam-part-i.pdf,https://www.acs.org/content/dam/acsorg/education/students/highschool/olympiad/pastexams/2024-usnco-national-exam-part-i.pdf,11,708119,5c12b8bc37054f1eaca3ea2f32370ef7af9821ed88321be7bee77a83453cc801
2024,II,2024-usnco-national-exam-part-ii.pdf,https://www.acs.org/content/dam/acsorg/education/students/highschool/olympiad/pastexams/2024-usnco-national-exam-part-ii.pdf,30,1261221,41768ebe246b17c7c27858e4adb9b52522a447ed0b60326405d6fb67bf0b77d3
2024,III,2024-usnco-national-exam-part-iii.pdf,https://www.acs.org/content/dam/acsorg/education/students/highschool/olympiad/pastexams/2024-usnco-national-exam-part-iii.pdf,13,364394,5c4300ca80f1ea53f3cadafd072fa9f82ef914475d0d3e715f04b729a567b6d0
2023,I,2023-usnco-national-exam-part-i.pdf,https://www.acs.org/content/dam/acsorg/education/students/highschool/olympiad/pastexams/2023-usnco-national-exam-part-i.pdf,11,1173333,19318dd6521a2b4c33b6e5bc01920eb902d806ae5ed0b8a26f5a1f71c04621e9
2023,II,2023-usnco-national-exam-part-ii.pdf,https://www.acs.org/content/dam/acsorg/education/students/highschool/olympiad/pastexams/2023-usnco-national-exam-part-ii.pdf,27,716877,d38f1286baf8623ffd54104f2f9a1c92e735ab274a8ad686bfc51b205d2753cf
2023,III,2023-usnco-national-exam-part-iii.pdf,https://www.acs.org/content/dam/acsorg/education/students/highschool/olympiad/pastexams/2023-usnco-national-exam-part-iii.pdf,14,791655,4b8bdbadd80c9c4487dfbf6d529f5004ed45ba5ee9fb0f6662fa988148df6790
2022,I,2022-usnco-national-exam-part-i.pdf,https://www.acs.org/content/dam/acsorg/education/students/highschool/olympiad/pastexams/2022-usnco-exam-part-i.pdf,11,597968,c570e7572e6679c7c5df209f8267b3593f0d98c8cd96c0fabf8c6d6101d9b581
2022,II,2022-usnco-national-exam-part-ii.pdf,https://www.acs.org/content/dam/acsorg/education/students/highschool/olympiad/pastexams/2022-usnco-exam-part-ii.pdf,25,598500,bbc274c6b4eea5ba87879433f252e8e4bff1c5487ccfb80dfdc7d6f2bc7567c1
2022,III,2022-usnco-national-exam-part-iii.pdf,https://www.acs.org/content/dam/acsorg/education/students/highschool/olympiad/pastexams/2022-usnco-exam-part-iii.pdf,19,1556025,4e764bfeb74c39c1ef59b18436a2b9ac6ce0f2f758fb9a6b79248a66a5d862df
2021,I,2021-usnco-national-exam-part-i.pdf,https://www.acs.org/content/dam/acsorg/education/students/highschool/olympiad/pastexams/2021-usnco-exam-part-i.pdf,11,407822,351371d8181497c7a220f2ca1f9b7ec275ff5b598e50fbb0a48a5e93786564bc
2021,II,2021-usnco-national-exam-part-ii.pdf,https://www.acs.org/content/dam/acsorg/education/students/highschool/olympiad/pastexams/2021-usnco-exam-part-ii.pdf,13,345195,34671c0bc63a966cdb31f32733f2767284ab0d41107d4c8cec91167b06223b5f
2020,I,2020-usnco-national-exam-part-i.pdf,https://www.acs.org/content/dam/acsorg/education/students/highschool/olympiad/pastexams/2020_usnco_exam_part_i.pdf,11,696675,147d1963d6a132fb1d8f8f9d619a49746f9ee72f4348db363b0521c318cc6fc8
2020,II,2020-usnco-national-exam-part-ii.pdf,https://www.acs.org/content/dam/acsorg/education/students/highschool/olympiad/pastexams/2020_usnco_exam_part_ii.pdf,14,581784,97bd55c40a6ac6d5f713b0f804a8bb1ac7137daa4e3bf18a70493e18d7a22413
2019,I,2019-usnco-national-exam-part-i.pdf,https://www.acs.org/content/dam/acsorg/education/students/highschool/olympiad/pastexams/2019-usnco-exam-part-i.pdf,11,575475,f8b334aded0aeac3fd63855e1b37a780709ea22a8c6ed6fbe0071d7d067f9a86
2019,II,2019-usnco-national-exam-part-ii.pdf,https://www.acs.org/content/dam/acsorg/education/students/highschool/olympiad/pastexams/2019-usnco-exam-part-ii.pdf,13,848529,ff73c2f509e6d1205e55a595a392fff44d8704e10b36330c7bf1377018503119
2019,III,2019-usnco-national-exam-part-iii.pdf,https://www.acs.org/content/dam/acsorg/education/students/highschool/olympiad/pastexams/2019-usnco-exam-part-iii.pdf,18,904317,da547d8cfcae9e95330b6bb90e48cce47f3055c32f0ed4e8ef665d11fe63337c
2018,I,2018-usnco-national-exam-part-i.pdf,https://www.acs.org/content/dam/acsorg/education/students/highschool/olympiad/pastexams/2018-usnco-exam-part-i.pdf,10,742472,2f17fe5c3d832ab4042d62eaf73d5576d5a1a6db27126706845fca373de33b80
2018,II,2018-usnco-national-exam-part-ii.pdf,https://www.acs.org/content/dam/acsorg/education/students/highschool/olympiad/pastexams/2018-usnco-exam-part-ii.pdf?logActivity=true,13,1096403,abce6c9c32122004aae7bae521a2cd75de9f957ec6d2fef49d5632b2aac3524c
2018,III,2018-usnco-national-exam-part-iii.pdf,https://www.acs.org/content/dam/acsorg/education/students/highschool/olympiad/pastexams/2018-usnco-exam-part-iii.pdf?logActivity=true,16,1838461,fb9dab90fd957ab501b3a3cbf23bc653edd4cbbfffa03000557c272cddda32c2
2017,I,2017-usnco-national-exam-part-i.pdf,https://www.acs.org/content/dam/acsorg/education/students/highschool/olympiad/pastexams/2017-national-exam-part-i.pdf?logActivity=true,11,930507,a2951e1b0c616bee9daff2e32272a68635d09a24bf6bc0ea01252323e9dbd94f
2017,II,2017-usnco-national-exam-part-ii.pdf,https://www.acs.org/content/dam/acsorg/education/students/highschool/olympiad/pastexams/2017-national-exam-part-ii.pdf?logActivity=true,10,1109155,ddb16268303f0d1ef49a95b6dd6378363b503f23188209c3a1b15ebefca62a0b
2017,III,2017-usnco-national-exam-part-iii.pdf,https://www.acs.org/content/dam/acsorg/education/students/highschool/olympiad/pastexams/2017-national-exam-part-iii.pdf?logActivity=true,17,1530139,a18eebe13ecb5705c0a288caa889f4795bd1bb2de0b8ee51a2ee23f697004639
2016,I,2016-usnco-national-exam-part-i.pdf,https://www.acs.org/content/dam/acsorg/education/students/highschool/olympiad/pastexams/2016-usnco-exam-part-i.pdf,10,784035,df77b3c25072d24bab94132dc9e8da9752dee0c4368f32f7316c4247b66e2067
2016,II,2016-usnco-national-exam-part-ii.pdf,https://www.acs.org/content/dam/acsorg/education/students/highschool/olympiad/pastexams/2016-usnco-exam-part-ii.pdf?logActivity=true,13,842672,6df169848ed738592ab29d5fbba417fbeb1802dca05fc0b7d2eebf31a0521b1c
2016,III,2016-usnco-national-exam-part-iii.pdf,https://www.acs.org/content/dam/acsorg/education/students/highschool/olympiad/pastexams/2016-usnco-exam-part-iii.pdf?logActivity=true,17,935481,702c7a16953b522973746814b5e116c01a24adf8f3236f807a802f55bdd9bc96
2015,I,2015-usnco-national-exam-part-i.pdf,https://www.acs.org/content/dam/acsorg/education/students/highschool/olympiad/2015-usnco-exam-part-i.pdf,9,632133,382a4c7cc629b92fb08d426204b70d36b719b2b98e854486106bd0e447030291
2015,II,2015-usnco-national-exam-part-ii.pdf,https://www.acs.org/content/dam/acsorg/education/students/highschool/olympiad/2015-usnco-exam-part-ii.pdf,9,927824,d08168710f4831b6ec0b1ff47ffb927d75df0b872446bcc55b16fd9fdadd76f5
2015,III,2015-usnco-national-exam-part-iii.pdf,https://www.acs.org/content/dam/acsorg/education/students/highschool/olympiad/process/competitions/2015-usnco-exam-part-iii.pdf,15,892907,1c2979798e3ee6d3acf86b60e70fe5098604efb67ed43fe6e8bed25d71878768
2014,I,2014-usnco-national-exam-part-i.pdf,https://www.acs.org/content/dam/acsorg/education/students/highschool/olympiad/pastexams/2014-usnco-exam-part-i.pdf,9,743296,3a16de6db6494ec8ea3d23e1e80db956ea05ede14898f93fc6afe6057ac8fcc7
2014,II,2014-usnco-national-exam-part-ii.pdf,https://www.acs.org/content/dam/acsorg/education/students/highschool/olympiad/pastexams/2014-usnco-exam-part-ii.pdf,11,944484,0c5cbf59809005dda2bec9905cf28078a12d81a03d19e0a565d88573165e6179
2014,III,2014-usnco-national-exam-part-iii.pdf,https://www.acs.org/content/dam/acsorg/education/students/highschool/olympiad/pastexams/2014-usnco-exam-part-iii.pdf,10,516994,5eec038435f38235351a02c95c9d3dcf1f6b3717244ce560908d21cfe5717a13
2013,I,2013-usnco-national-exam-part-i.pdf,https://www.acs.org/content/dam/acsorg/education/students/highschool/olympiad/pastexams/2013-olympiad-national-exam-part1.pdf,8,581196,134dd248d362e6c8c94651d66297f31079b3dfe330b5b1ba81574ed5f0918d01
2013,II,2013-usnco-national-exam-part-ii.pdf,https://www.acs.org/content/dam/acsorg/education/students/highschool/olympiad/pastexams/2013%20national-exam-part-2.pdf,10,935830,2bd538169d390be4c671f57521808250e64a55f43aa62e476ba2449694ab0460
2013,III,2013-usnco-national-exam-part-iii.pdf,https://www.acs.org/content/dam/acsorg/education/students/highschool/olympiad/pastexams/2013-national-exam-part-3.pdf,14,817118,b88cdd28a31741323c6ff26a25a06c9a96c309ec8a974c2dc6e8938a20f014cc
2012,I,2012-usnco-national-exam-part-i.pdf,https://www.acs.org/content/dam/acsorg/education/students/highschool/olympiad/pastexams/2012-usnco-national-exam-part-i.pdf,8,732579,612949851e3b34b7149af25aa64be55cf3d6bfb4dd1774f49064e58def8c55fa
2012,II,2012-usnco-national-exam-part-ii.pdf,https://www.acs.org/content/dam/acsorg/education/students/highschool/olympiad/pastexams/2012-usnco-national-exam-part-ii.pdf,9,1437665,110b4e65015b090d33c224b974dc3ffb658ce1afb238002ef6356ef3e75d17a7
2012,III,2012-usnco-national-exam-part-iii.pdf,https://www.acs.org/content/dam/acsorg/education/students/highschool/olympiad/pastexams/2012-usnco-exam-part-iii.pdf,14,802190,de7d2b7b72499e8ea05a2e300a693ac85186df866825163c70f8351e636eabf9
2011,I,2011-usnco-national-exam-part-i.pdf,https://www.acs.org/content/dam/acsorg/education/students/highschool/olympiad/pastexams/2011-usnco-national-exam-part-i.pdf,9,282941,4efc74097b77056afb1f4c56207b2f8b95d86f5e38b9ab5a2ffb440788f7b9f9
2011,II,2011-usnco-national-exam-part-ii.pdf,https://www.acs.org/content/dam/acsorg/education/students/highschool/olympiad/pastexams/2011-usnco-exam-part-ii.pdf,9,460991,c16841df2d7c909ac3f56e4cd110a54ce61bad175eb7b12b459fe90add2aef0e
2011,III,2011-usnco-national-exam-part-iii.pdf,https://www.acs.org/content/dam/acsorg/education/students/highschool/olympiad/pastexams/2011-usnco-national-exam-part-iii.pdf,17,401198,328cb44de94dd094c600cb91a4c4a3391cb2ce2b19793ae8230c73acb844b325
2010,I,2010-usnco-national-exam-part-i.pdf,https://www.acs.org/content/dam/acsorg/education/students/highschool/olympiad/pastexams/2010-usnco-exam-part-i.pdf,8,365934,e4a478c899d8a1ff11930c5cc7b4ff74357bdeb63e5a129efbb1406d3b88de48
2010,II,2010-usnco-national-exam-part-ii.pdf,https://www.acs.org/content/dam/acsorg/education/students/highschool/olympiad/pastexams/2010-national-exam-part-ii.pdf,7,242464,e14daebbe10a96f24a609fbf73c501b15ce4d553c9844c9bf2d67c5d7cd315cb
2010,III,2010-usnco-national-exam-part-iii.pdf,https://www.acs.org/content/dam/acsorg/education/students/highschool/olympiad/pastexams/2010-usnco-exam-part-iii.pdf,14,153364,588b361d70eb5a5377c5f51c204c9f7055db8eb1b3fa6e8b3b0e05cdc849a17a
2009,I,2009-usnco-national-exam-part-i.pdf,https://www.acs.org/content/dam/acsorg/education/students/highschool/olympiad/pastexams/2009-usnco-exam-part-i.pdf,8,1291088,3c255a5710799ac41a80ac82fdf9618acdef3295e279b0f326c838d786611e01
2009,II,2009-usnco-national-exam-part-ii.pdf,https://www.acs.org/content/dam/acsorg/education/students/highschool/olympiad/pastexams/2009-usnco-exam-part-ii.pdf,7,665530,e3003884edfcaefaa41ea9396bbc43e99b3deb0d101e8a0250155976687500b4
2009,III,2009-usnco-national-exam-part-iii.pdf,https://www.acs.org/content/dam/acsorg/education/students/highschool/olympiad/pastexams/2009-usnco-exam-part-iii.pdf,12,288465,929fe02c677ea11a556097aefdf181fb29f1fb56c53888822afde0d411040634
2008,I,2008-usnco-national-exam-part-i.pdf,https://www.acs.org/content/dam/acsorg/education/students/highschool/olympiad/pastexams/2008-usnco-national-exam-part-i.pdf,8,1013421,7a21619f206a71c560bec2c3fc80ef2e9651cc7fb5f7c3053c56a7369e6f3a8e
2008,II,2008-usnco-national-exam-part-ii.pdf,https://www.acs.org/content/dam/acsorg/education/students/highschool/olympiad/pastexams/2008-usnco-national-exam-part-ii.pdf,8,901531,dec7251e35bf490aeb04566fba45b68524518603c2baeec1f5974032c497a9fb
2008,III,2008-usnco-national-exam-part-iii.pdf,https://www.acs.org/content/dam/acsorg/education/students/highschool/olympiad/pastexams/2008-usnco-national-exam-part-iii.pdf,15,138576,ac7bed29d54dc6be9e825546bac704ca736b66873b237c99332bce7e8e218e49
2007,I,2007-usnco-national-exam-part-i.pdf,https://www.acs.org/content/dam/acsorg/education/students/highschool/olympiad/pastexams/2007-usnco-exam-part-i.pdf,8,527446,5d563e493c0836405e5b9b9dabcca8084cca496a00a91c27ba8df49357882be1
2007,II,2007-usnco-national-exam-part-ii.pdf,https://www.acs.org/content/dam/acsorg/education/students/highschool/olympiad/pastexams/2007-usnco-exam-part-ii.pdf,8,1293934,1ec88756f82f0825aaa42a1ccda273e691e067747d2bc29cbd90de44d94e1468
2007,III,2007-usnco-national-exam-part-iii.pdf,https://www.acs.org/content/dam/acsorg/education/students/highschool/olympiad/pastexams/2007-usnco-exam-part-iii.pdf,9,44808,499c139d591e60b4acd9e09dedab5154d749d403e570c19e04fe9231cf03e43b
2006,I,2006-usnco-national-exam-part-i.pdf,https://www.acs.org/content/dam/acsorg/education/students/highschool/olympiad/pastexams/2006-usnco-exam-part-i.pdf,10,75336,0805250d20e17f7e63290bbd222775d85b09fcc0f411e828205b0e433b27e6ae
2006,II,2006-usnco-national-exam-part-ii.pdf,https://www.acs.org/content/dam/acsorg/education/students/highschool/olympiad/pastexams/2006-usnco-exam-part-ii.pdf,7,60215,8ea8f48bdef9cb0c5bf96d20bdd27452599a1614b78a12b0f9ced87934cd1614
2006,III,2006-usnco-national-exam-part-iii.pdf,https://www.acs.org/content/dam/acsorg/education/students/highschool/olympiad/pastexams/2006-usnco-exam-part-iii.pdf,7,30272,bffcbc14655097ec393d84f6061875ec9c20a8ef58790487bb1092eb839fd9b5
2005,I,2005-usnco-national-exam-part-i.pdf,https://www.acs.org/content/dam/acsorg/education/students/highschool/olympiad/pastexams/2005-usnco-exam-part-i.pdf,8,682403,6a5257dee56ef69c5631f562712fadd20772daa6b44bd6820d630f413b39dd1b
2005,II,2005-usnco-national-exam-part-ii.pdf,https://www.acs.org/content/dam/acsorg/education/students/highschool/olympiad/pastexams/2005-usnco-exam-part-ii.pdf,7,458966,ed6a8353ae49e3192d7e405444021e5194971f964a3f824ec162111debcf872a
2005,III,2005-usnco-national-exam-part-iii.pdf,https://www.acs.org/content/dam/acsorg/education/students/highschool/olympiad/pastexams/2005-usnco-exam-part-iii.pdf,4,74036,01da25be62c073786aa6bb00067c6ebfef26add690426518d1e619fbfd309346
2004,I,2004-usnco-national-exam-part-i.pdf,https://www.acs.org/content/dam/acsorg/education/students/highschool/olympiad/pastexams/2004-usnco-exam-part-i.pdf,8,86806,3d11b077420a48cc71bdfa7ed39aaf8bbcc1d9c5416c44b97663dbd17f1c4c0e
2004,II,2004-usnco-national-exam-part-ii.pdf,https://www.acs.org/content/dam/acsorg/education/students/highschool/olympiad/pastexams/2004-usnco-exam-part-ii.pdf,8,80929,addae9f9fa4b98683b78f263242fdff9b4ed3d514c22d8884563f951d84995f7
2004,III,2004-usnco-national-exam-part-iii.pdf,https://www.acs.org/content/dam/acsorg/education/students/highschool/olympiad/pastexams/2004-usnco-exam-part-iii.pdf,4,12050,060586599be862dc1ded1ae8ed797f60b8b8f7f13400c7abb512df57d4f84d5c
2003,I,2003-usnco-national-exam-part-i.pdf,https://www.acs.org/content/dam/acsorg/education/students/highschool/olympiad/pastexams/2003-usnco-exam-part-i.pdf,8,146229,4527f1941d99747647f28e84128d5f41d6084cd3c6fe3c7ee0c2c66c58a5899e
2003,II,2003-usnco-national-exam-part-ii.pdf,https://www.acs.org/content/dam/acsorg/education/students/highschool/olympiad/pastexams/2003-usnco-exam-part-ii.pdf,10,102203,6555fd78740992967d7256335b53369af2290ad359a4c30c1252e1c5cd874842
2003,III,2003-usnco-national-exam-part-iii.pdf,https://www.acs.org/content/dam/acsorg/education/students/highschool/olympiad/pastexams/2003-usnco-exam-part-iii.pdf,14,54309,fd3cd37ba3ffd8a80580bff7b4ec3255102725feafacc171444c7433e33d0290
2002,I,2002-usnco-national-exam-part-i.pdf,https://www.acs.org/content/dam/acsorg/education/students/highschool/olympiad/pastexams/2002-usnco-exam-part-i.pdf,9,52201,0b8cae8195b621889248f2bfba869083ed11faedc09f35593c02a82f9b740567
2002,II,2002-usnco-national-exam-part-ii.pdf,https://www.acs.org/content/dam/acsorg/education/students/highschool/olympiad/pastexams/2002-usnco-exam-part-ii.pdf,8,56618,0b7960d345ef1f2fa96ebff2bca720729b537cef39ed7eae431968ad02ab72e3
2002,III,2002-usnco-national-exam-part-iii.pdf,https://www.acs.org/content/dam/acsorg/education/students/highschool/olympiad/pastexams/2002-usnco-exam-part-iii.pdf,12,46579,f6092f4b328cc6acc3a8b6b70f6570dd71ceb7e2d173c94dd0784ae5c086e25f
2001,I,2001-usnco-national-exam-part-i.pdf,https://www.acs.org/content/dam/acsorg/education/students/highschool/olympiad/pastexams/2001-usnco-exam-part-i.pdf,9,53130,370dee8ff357f19cd5b1858018e45c0801cfed09fac1276e208a57dbe784f96e
2001,II,2001-usnco-national-exam-part-ii.pdf,https://www.acs.org/content/dam/acsorg/education/students/highschool/olympiad/pastexams/2001-usnco-exam-part-ii.pdf,8,53143,3bd8cd00a9ee3f9e228d33edbc83b877a58a9644864a4b239358099603b6fc8c
2001,III,2001-usnco-national-exam-part-iii.pdf,https://www.acs.org/content/dam/acsorg/education/students/highschool/olympiad/pastexams/2001-usnco-exam-part-iii.pdf,12,44217,8855582e4d7b41a8041117db5a75397f376b71ad82e10493db67a71678471cc0
2000,I,2000-usnco-national-exam-part-i.pdf,https://www.acs.org/content/dam/acsorg/education/students/highschool/olympiad/pastexams/2000-usnco-exam-part-i.pdf,9,365075,c2d58dc89eaa35d4843e329f992ef45901f73c2e31ab89874db6f0e9fcd4acc3
2000,II,2000-usnco-national-exam-part-ii.pdf,https://www.acs.org/content/dam/acsorg/education/students/highschool/olympiad/pastexams/2000-usnco-exam-part-ii.pdf,7,650292,e9038920ac514a56994ac73061f0a03a5539e5533bda825ded7afd5455a776b5
2000,III,2000-usnco-national-exam-part-iii.pdf,https://www.acs.org/content/dam/acsorg/education/students/highschool/olympiad/pastexams/2000-usnco-exam-part-iii.pdf,15,814865,321c5d82c5a75f3d5617c507e9424f8eec181e7d599654f8855de66f8d13caef
1999,I,1999-usnco-national-exam-part-i.pdf,https://www.acs.org/content/dam/acsorg/education/students/highschool/olympiad/pastexams/1999-usnco-exam-part-i.pdf,9,54037,60d4b677cc3f2dd1af6f10300f177422f4975829696e0184e4852f3905af8841
1999,II,1999-usnco-national-exam-part-ii.pdf,https://www.acs.org/content/dam/acsorg/education/students/highschool/olympiad/pastexams/1999-usnco-exam-part-ii.pdf,7,54156,d964a61912d414bf42349cc5d6d3f9b823be28a28e35ce5d99a04b2eb09ba9ed
1999,III,1999-usnco-national-exam-part-iii.pdf,https://www.acs.org/content/dam/acsorg/education/students/highschool/olympiad/pastexams/1999-usnco-exam-part-iii.pdf,10,36799,4898e1a35bb536e7410fcc7fc9e1db06aabd9981f7e376aca2b3ddaa235c4eca
