question,source_file,source_question,source_page,output_page
1,2026-usnco-local-exam.pdf,49,7,1
2,2026-usnco-local-exam.pdf,50,7,1
3,2026-usnco-local-exam.pdf,51,7,1
4,2026-usnco-local-exam.pdf,52,7,1
5,2026-usnco-local-exam.pdf,53,7,1
6,2026-usnco-local-exam.pdf,54,7,1
7,2025-usnco-local-exam.pdf,49,7,1
8,2025-usnco-local-exam.pdf,50,7,1
9,2025-usnco-local-exam.pdf,51,7,1
10,2025-usnco-local-exam.pdf,52,7,1
11,2025-usnco-local-exam.pdf,53,7,1
12,2025-usnco-local-exam.pdf,54,7,1
13,2024-usnco-local-exam.pdf,49,7,1
14,2024-usnco-local-exam.pdf,50,7,1
15,2024-usnco-local-exam.pdf,51,7,1
16,2024-usnco-local-exam.pdf,52,7,1
17,2024-usnco-local-exam.pdf,53,7,2
18,2024-usnco-local-exam.pdf,54,7,2
19,2023-usnco-local-exam-original.pdf,49,7,2
20,2023-usnco-local-exam-original.pdf,50,7,2
21,2023-usnco-local-exam-original.pdf,51,7,2
22,2023-usnco-local-exam-original.pdf,52,8,2
23,2023-usnco-local-exam-original.pdf,53,8,2
24,2023-usnco-local-exam-original.pdf,54,8,2
25,2023-usnco-local-exam-new.pdf,49,8,2
26,2023-usnco-local-exam-new.pdf,50,8,2
27,2023-usnco-local-exam-new.pdf,51,8,2
28,2023-usnco-local-exam-new.pdf,52,8,2
29,2023-usnco-local-exam-new.pdf,53,8,2
30,2023-usnco-local-exam-new.pdf,54,8,2
31,2022-usnco-local-exam.pdf,49,7,3
32,2022-usnco-local-exam.pdf,50,7,3
33,2022-usnco-local-exam.pdf,51,7,3
34,2022-usnco-local-exam.pdf,52,7,3
35,2022-usnco-local-exam.pdf,53,8,3
36,2022-usnco-local-exam.pdf,54,8,3
37,2021-usnco-local-exam.pdf,49,7,3
38,2021-usnco-local-exam.pdf,50,7,3
39,2021-usnco-local-exam.pdf,51,7,3
40,2021-usnco-local-exam.pdf,52,7,3
41,2021-usnco-local-exam.pdf,53,8,3
42,2021-usnco-local-exam.pdf,54,8,3
43,2020-usnco-local-exam.pdf,49,7,3
44,2020-usnco-local-exam.pdf,50,7,3
45,2020-usnco-local-exam.pdf,51,7,4
46,2020-usnco-local-exam.pdf,52,8,4
47,2020-usnco-local-exam.pdf,53,8,4
48,2020-usnco-local-exam.pdf,54,8,4
49,2019-usnco-local-exam.pdf,49,8,4
50,2019-usnco-local-exam.pdf,50,8,4
51,2019-usnco-local-exam.pdf,51,8,4
52,2019-usnco-local-exam.pdf,52,8,4
53,2019-usnco-local-exam.pdf,53,8,4
54,2019-usnco-local-exam.pdf,54,8,4
55,2018-usnco-local-exam.pdf,49,7,4
56,2018-usnco-local-exam.pdf,50,7,5
57,2018-usnco-local-exam.pdf,51,7,5
58,2018-usnco-local-exam.pdf,52,7,5
59,2018-usnco-local-exam.pdf,53,7,5
60,2018-usnco-local-exam.pdf,54,7,5
61,2017-usnco-local-exam.pdf,49,7,5
62,2017-usnco-local-exam.pdf,50,7,5
63,2017-usnco-local-exam.pdf,51,7,5
64,2017-usnco-local-exam.pdf,52,7,5
65,2017-usnco-local-exam.pdf,53,7,5
66,2017-usnco-local-exam.pdf,54,7,5
67,2016-usnco-local-exam.pdf,49,7,5
68,2016-usnco-local-exam.pdf,50,7,5
69,2016-usnco-local-exam.pdf,51,7,5
70,2016-usnco-local-exam.pdf,52,7,6
71,2016-usnco-local-exam.pdf,53,7,6
72,2016-usnco-local-exam.pdf,54,7,6
73,2015-usnco-local-exam.pdf,49,6,6
74,2015-usnco-local-exam.pdf,50,6,6
75,2015-usnco-local-exam.pdf,51,6,6
76,2015-usnco-local-exam.pdf,52,7,6
77,2015-usnco-local-exam.pdf,53,7,6
78,2015-usnco-local-exam.pdf,54,7,6
79,2014-usnco-local-exam.pdf,49,7,6
80,2014-usnco-local-exam.pdf,50,7,6
81,2014-usnco-local-exam.pdf,51,7,6
82,2014-usnco-local-exam.pdf,52,7,6
83,2014-usnco-local-exam.pdf,53,7,6
84,2014-usnco-local-exam.pdf,54,7,6
85,2013-usnco-local-exam.pdf,49,6,6
86,2013-usnco-local-exam.pdf,50,6,6
87,2013-usnco-local-exam.pdf,51,7,7
88,2013-usnco-local-exam.pdf,52,7,7
89,2013-usnco-local-exam.pdf,53,7,7
90,2013-usnco-local-exam.pdf,54,7,7
91,2012-usnco-local-exam.pdf,49,6,7
92,2012-usnco-local-exam.pdf,50,6,7
93,2012-usnco-local-exam.pdf,51,6,7
94,2012-usnco-local-exam.pdf,53,7,7
95,2012-usnco-local-exam.pdf,54,7,7
96,2011-usnco-local-exam.pdf,50,7,7
97,2011-usnco-local-exam.pdf,51,7,7
98,2011-usnco-local-exam.pdf,52,7,7
99,2011-usnco-local-exam.pdf,53,7,7
100,2011-usnco-local-exam.pdf,54,7,7
101,2010-usnco-local-exam.pdf,49,6,7
102,2010-usnco-local-exam.pdf,50,6,7
103,2010-usnco-local-exam.pdf,51,6,7
104,2010-usnco-local-exam.pdf,52,6,7
105,2010-usnco-local-exam.pdf,53,6,8
106,2010-usnco-local-exam.pdf,54,6,8
107,2009-usnco-local-exam.pdf,49,6,8
108,2009-usnco-local-exam.pdf,50,6,8
109,2009-usnco-local-exam.pdf,51,6,8
110,2009-usnco-local-exam.pdf,52,6,8
111,2009-usnco-local-exam.pdf,53,6,8
112,2009-usnco-local-exam.pdf,54,6,8
113,2008-usnco-local-exam.pdf,49,6,8
114,2008-usnco-local-exam.pdf,50,6,8
115,2008-usnco-local-exam.pdf,51,6,8
116,2008-usnco-local-exam.pdf,52,6,8
117,2008-usnco-local-exam.pdf,53,7,8
118,2008-usnco-local-exam.pdf,54,7,8
119,2007-usnco-local-exam.pdf,49,7,8
120,2007-usnco-local-exam.pdf,50,7,8
121,2007-usnco-local-exam.pdf,51,7,8
122,2007-usnco-local-exam.pdf,52,7,8
123,2007-usnco-local-exam.pdf,53,7,8
124,2007-usnco-local-exam.pdf,54,7,9
125,2006-usnco-local-exam.pdf,49,6,9
126,2006-usnco-local-exam.pdf,50,6,9
127,2006-usnco-local-exam.pdf,51,6,9
128,2006-usnco-local-exam.pdf,52,6,9
129,2006-usnco-local-exam.pdf,53,6,9
130,2006-usnco-local-exam.pdf,54,7,9
131,2005-usnco-local-exam.pdf,49,6,9
132,2005-usnco-local-exam.pdf,50,7,9
133,2005-usnco-local-exam.pdf,51,7,9
134,2005-usnco-local-exam.pdf,52,7,9
135,2005-usnco-local-exam.pdf,53,7,9
136,2005-usnco-local-exam.pdf,54,7,9
137,2004-usnco-local-exam.pdf,49,6,9
138,2004-usnco-local-exam.pdf,50,6,9
139,2004-usnco-local-exam.pdf,51,6,9
140,2004-usnco-local-exam.pdf,52,6,9
141,2004-usnco-local-exam.pdf,53,6,10
142,2004-usnco-local-exam.pdf,54,6,10
143,2003-usnco-local-exam.pdf,49,6,10
144,2003-usnco-local-exam.pdf,50,6,10
145,2003-usnco-local-exam.pdf,51,6,10
146,2003-usnco-local-exam.pdf,52,6,10
147,2003-usnco-local-exam.pdf,53,6,10
148,2003-usnco-local-exam.pdf,54,6,10
149,2002-usnco-local-exam.pdf,51,7,10
150,2002-usnco-local-exam.pdf,52,7,10
151,2002-usnco-local-exam.pdf,53,7,10
152,2002-usnco-local-exam.pdf,54,7,10
153,2002-usnco-local-exam.pdf,55,7,10
154,2001-usnco-local-exam.pdf,49,7,10
155,2001-usnco-local-exam.pdf,50,7,10
156,2001-usnco-local-exam.pdf,51,7,10
157,2001-usnco-local-exam.pdf,52,7,10
158,2001-usnco-local-exam.pdf,53,7,10
159,2001-usnco-local-exam.pdf,54,7,11
160,2000-usnco-local-exam.pdf,51,6,11
161,2000-usnco-local-exam.pdf,52,6,11
162,2000-usnco-local-exam.pdf,53,6,11
163,2000-usnco-local-exam.pdf,54,6,11
164,2000-usnco-local-exam.pdf,55,6,11
165,2000-usnco-local-exam.pdf,56,7,11
